<?xml version="1.0" encoding="UTF-8"?>
<project-private xmlns="http://www.netbeans.org/ns/project-private/1">
    <editor-bookmarks xmlns="http://www.netbeans.org/ns/editor-bookmarks/2" lastBookmarkId="0"/>
    <open-files xmlns="http://www.netbeans.org/ns/projectui-open-files/2">
        <group>
            <file>file:/F:/Easter%20System%20G%20Drive/Sikk/2019-2020/Stock%20Prediction%20UP-TREE%20with%20LSTM/Stock%20Prediction/src/stock/MainFrame.java</file>
            <file>file:/F:/Easter%20System%20G%20Drive/Sikk/2019-2020/Stock%20Prediction%20UP-TREE%20with%20LSTM/Stock%20Prediction/src/stock/Main.java</file>
            <file>file:/F:/Easter%20System%20G%20Drive/Sikk/2019-2020/Stock%20Prediction%20UP-TREE%20with%20LSTM/Stock%20Prediction/src/stock/Details.java</file>
            <file>file:/F:/Easter%20System%20G%20Drive/Sikk/2019-2020/Stock%20Prediction%20UP-TREE%20with%20LSTM/Stock%20Prediction/src/stock/StockData.java</file>
        </group>
    </open-files>
</project-private>
